,wiktionaryDumpVersion,translationsWithNoGloss,translationsWithSenseNumberAndTextualGloss,translationsWithSenseNumber,translationsWithTextualGloss,dataSet,observationLanguage,type
0,2020-07-01,15108,0,0,319,http://kaiko.getalp.org/dbnary/statistics/translationGlossesCube,bg,http://purl.org/linked-data/cube#Observation
0,2020-07-20,15125,0,0,309,http://kaiko.getalp.org/dbnary/statistics/translationGlossesCube,bg,http://purl.org/linked-data/cube#Observation
0,2020-08-01,15127,0,0,314,http://kaiko.getalp.org/dbnary/statistics/translationGlossesCube,bg,http://purl.org/linked-data/cube#Observation
0,2021-06-01,17501,0,0,449,http://kaiko.getalp.org/dbnary/statistics/translationGlossesCube,bg,http://purl.org/linked-data/cube#Observation
0,2020-07-01,302,181095,324,735,http://kaiko.getalp.org/dbnary/statistics/translationGlossesCube,fi,http://purl.org/linked-data/cube#Observation
0,2020-07-20,302,182448,316,735,http://kaiko.getalp.org/dbnary/statistics/translationGlossesCube,fi,http://purl.org/linked-data/cube#Observation
0,2020-08-01,302,183532,316,735,http://kaiko.getalp.org/dbnary/statistics/translationGlossesCube,fi,http://purl.org/linked-data/cube#Observation
0,2020-08-20,308,185379,317,692,http://kaiko.getalp.org/dbnary/statistics/translationGlossesCube,fi,http://purl.org/linked-data/cube#Observation
0,2020-09-01,308,186443,318,691,http://kaiko.getalp.org/dbnary/statistics/translationGlossesCube,fi,http://purl.org/linked-data/cube#Observation
0,2020-09-20,306,187806,325,689,http://kaiko.getalp.org/dbnary/statistics/translationGlossesCube,fi,http://purl.org/linked-data/cube#Observation
0,2020-10-01,307,188486,326,683,http://kaiko.getalp.org/dbnary/statistics/translationGlossesCube,fi,http://purl.org/linked-data/cube#Observation
0,2020-10-20,313,194272,384,689,http://kaiko.getalp.org/dbnary/statistics/translationGlossesCube,fi,http://purl.org/linked-data/cube#Observation
0,2020-11-01,313,194819,381,689,http://kaiko.getalp.org/dbnary/statistics/translationGlossesCube,fi,http://purl.org/linked-data/cube#Observation
0,2020-11-20,313,196026,381,674,http://kaiko.getalp.org/dbnary/statistics/translationGlossesCube,fi,http://purl.org/linked-data/cube#Observation
0,2020-12-01,313,196607,379,676,http://kaiko.getalp.org/dbnary/statistics/translationGlossesCube,fi,http://purl.org/linked-data/cube#Observation
0,2020-12-20,314,197707,379,678,http://kaiko.getalp.org/dbnary/statistics/translationGlossesCube,fi,http://purl.org/linked-data/cube#Observation
0,2021-01-01,315,198164,379,682,http://kaiko.getalp.org/dbnary/statistics/translationGlossesCube,fi,http://purl.org/linked-data/cube#Observation
0,2021-01-20,315,199139,391,684,http://kaiko.getalp.org/dbnary/statistics/translationGlossesCube,fi,http://purl.org/linked-data/cube#Observation
0,2021-02-01,317,199555,391,683,http://kaiko.getalp.org/dbnary/statistics/translationGlossesCube,fi,http://purl.org/linked-data/cube#Observation
0,2021-02-20,317,200747,393,674,http://kaiko.getalp.org/dbnary/statistics/translationGlossesCube,fi,http://purl.org/linked-data/cube#Observation
0,2021-03-01,308,201144,395,674,http://kaiko.getalp.org/dbnary/statistics/translationGlossesCube,fi,http://purl.org/linked-data/cube#Observation
0,2021-03-20,308,201913,392,674,http://kaiko.getalp.org/dbnary/statistics/translationGlossesCube,fi,http://purl.org/linked-data/cube#Observation
0,2021-04-01,310,202343,393,674,http://kaiko.getalp.org/dbnary/statistics/translationGlossesCube,fi,http://purl.org/linked-data/cube#Observation
0,2021-04-20,310,203290,399,676,http://kaiko.getalp.org/dbnary/statistics/translationGlossesCube,fi,http://purl.org/linked-data/cube#Observation
0,2021-05-01,309,203673,399,676,http://kaiko.getalp.org/dbnary/statistics/translationGlossesCube,fi,http://purl.org/linked-data/cube#Observation
0,2021-05-20,300,204212,397,675,http://kaiko.getalp.org/dbnary/statistics/translationGlossesCube,fi,http://purl.org/linked-data/cube#Observation
0,2021-06-01,300,204398,397,676,http://kaiko.getalp.org/dbnary/statistics/translationGlossesCube,fi,http://purl.org/linked-data/cube#Observation
0,2020-07-01,9453,0,0,0,http://kaiko.getalp.org/dbnary/statistics/translationGlossesCube,id,http://purl.org/linked-data/cube#Observation
0,2020-07-20,9460,0,0,0,http://kaiko.getalp.org/dbnary/statistics/translationGlossesCube,id,http://purl.org/linked-data/cube#Observation
0,2020-08-01,9460,0,0,0,http://kaiko.getalp.org/dbnary/statistics/translationGlossesCube,id,http://purl.org/linked-data/cube#Observation
0,2020-08-20,9465,0,0,0,http://kaiko.getalp.org/dbnary/statistics/translationGlossesCube,id,http://purl.org/linked-data/cube#Observation
0,2020-09-01,9466,0,0,0,http://kaiko.getalp.org/dbnary/statistics/translationGlossesCube,id,http://purl.org/linked-data/cube#Observation
0,2020-09-20,9467,0,0,0,http://kaiko.getalp.org/dbnary/statistics/translationGlossesCube,id,http://purl.org/linked-data/cube#Observation
0,2020-10-01,9468,0,0,0,http://kaiko.getalp.org/dbnary/statistics/translationGlossesCube,id,http://purl.org/linked-data/cube#Observation
0,2020-10-20,9467,0,0,0,http://kaiko.getalp.org/dbnary/statistics/translationGlossesCube,id,http://purl.org/linked-data/cube#Observation
0,2020-11-01,9465,0,0,0,http://kaiko.getalp.org/dbnary/statistics/translationGlossesCube,id,http://purl.org/linked-data/cube#Observation
0,2020-11-20,9465,0,0,0,http://kaiko.getalp.org/dbnary/statistics/translationGlossesCube,id,http://purl.org/linked-data/cube#Observation
0,2020-12-01,9465,0,0,0,http://kaiko.getalp.org/dbnary/statistics/translationGlossesCube,id,http://purl.org/linked-data/cube#Observation
0,2020-12-20,9465,0,0,0,http://kaiko.getalp.org/dbnary/statistics/translationGlossesCube,id,http://purl.org/linked-data/cube#Observation
0,2021-01-01,9442,0,0,0,http://kaiko.getalp.org/dbnary/statistics/translationGlossesCube,id,http://purl.org/linked-data/cube#Observation
0,2021-01-20,9443,0,0,0,http://kaiko.getalp.org/dbnary/statistics/translationGlossesCube,id,http://purl.org/linked-data/cube#Observation
0,2021-02-01,9443,0,0,0,http://kaiko.getalp.org/dbnary/statistics/translationGlossesCube,id,http://purl.org/linked-data/cube#Observation
0,2021-02-20,9447,0,0,0,http://kaiko.getalp.org/dbnary/statistics/translationGlossesCube,id,http://purl.org/linked-data/cube#Observation
0,2021-03-01,9443,0,0,0,http://kaiko.getalp.org/dbnary/statistics/translationGlossesCube,id,http://purl.org/linked-data/cube#Observation
0,2021-03-20,9573,0,0,0,http://kaiko.getalp.org/dbnary/statistics/translationGlossesCube,id,http://purl.org/linked-data/cube#Observation
0,2021-04-01,9574,0,0,0,http://kaiko.getalp.org/dbnary/statistics/translationGlossesCube,id,http://purl.org/linked-data/cube#Observation
0,2021-04-20,9570,0,0,0,http://kaiko.getalp.org/dbnary/statistics/translationGlossesCube,id,http://purl.org/linked-data/cube#Observation
0,2021-05-01,9568,0,0,0,http://kaiko.getalp.org/dbnary/statistics/translationGlossesCube,id,http://purl.org/linked-data/cube#Observation
0,2021-05-20,9566,0,0,0,http://kaiko.getalp.org/dbnary/statistics/translationGlossesCube,id,http://purl.org/linked-data/cube#Observation
0,2021-06-01,9566,0,0,0,http://kaiko.getalp.org/dbnary/statistics/translationGlossesCube,id,http://purl.org/linked-data/cube#Observation
0,2020-08-20,15167,0,0,340,http://kaiko.getalp.org/dbnary/statistics/translationGlossesCube,bg,http://purl.org/linked-data/cube#Observation
0,2020-09-01,15186,0,0,349,http://kaiko.getalp.org/dbnary/statistics/translationGlossesCube,bg,http://purl.org/linked-data/cube#Observation
0,2020-09-20,15191,0,0,326,http://kaiko.getalp.org/dbnary/statistics/translationGlossesCube,bg,http://purl.org/linked-data/cube#Observation
0,2020-10-01,15176,0,0,326,http://kaiko.getalp.org/dbnary/statistics/translationGlossesCube,bg,http://purl.org/linked-data/cube#Observation
0,2020-10-20,15257,0,0,339,http://kaiko.getalp.org/dbnary/statistics/translationGlossesCube,bg,http://purl.org/linked-data/cube#Observation
0,2020-11-01,15292,0,0,352,http://kaiko.getalp.org/dbnary/statistics/translationGlossesCube,bg,http://purl.org/linked-data/cube#Observation
0,2020-11-20,15394,0,0,352,http://kaiko.getalp.org/dbnary/statistics/translationGlossesCube,bg,http://purl.org/linked-data/cube#Observation
0,2020-12-01,15432,0,0,352,http://kaiko.getalp.org/dbnary/statistics/translationGlossesCube,bg,http://purl.org/linked-data/cube#Observation
0,2020-12-20,15578,0,0,352,http://kaiko.getalp.org/dbnary/statistics/translationGlossesCube,bg,http://purl.org/linked-data/cube#Observation
0,2021-01-01,15662,0,0,352,http://kaiko.getalp.org/dbnary/statistics/translationGlossesCube,bg,http://purl.org/linked-data/cube#Observation
0,2021-01-20,15819,0,0,386,http://kaiko.getalp.org/dbnary/statistics/translationGlossesCube,bg,http://purl.org/linked-data/cube#Observation
0,2021-02-01,15926,0,0,386,http://kaiko.getalp.org/dbnary/statistics/translationGlossesCube,bg,http://purl.org/linked-data/cube#Observation
0,2021-02-20,16096,0,0,399,http://kaiko.getalp.org/dbnary/statistics/translationGlossesCube,bg,http://purl.org/linked-data/cube#Observation
0,2021-03-01,16236,0,0,426,http://kaiko.getalp.org/dbnary/statistics/translationGlossesCube,bg,http://purl.org/linked-data/cube#Observation
0,2021-03-20,16509,0,0,436,http://kaiko.getalp.org/dbnary/statistics/translationGlossesCube,bg,http://purl.org/linked-data/cube#Observation
0,2021-04-01,16699,0,0,448,http://kaiko.getalp.org/dbnary/statistics/translationGlossesCube,bg,http://purl.org/linked-data/cube#Observation
0,2021-04-20,16816,0,0,448,http://kaiko.getalp.org/dbnary/statistics/translationGlossesCube,bg,http://purl.org/linked-data/cube#Observation
0,2021-05-01,16988,0,0,448,http://kaiko.getalp.org/dbnary/statistics/translationGlossesCube,bg,http://purl.org/linked-data/cube#Observation
0,2021-05-20,17288,0,0,448,http://kaiko.getalp.org/dbnary/statistics/translationGlossesCube,bg,http://purl.org/linked-data/cube#Observation
0,2020-07-01,2075,0,677498,498,http://kaiko.getalp.org/dbnary/statistics/translationGlossesCube,de,http://purl.org/linked-data/cube#Observation
0,2020-07-20,2079,0,679271,501,http://kaiko.getalp.org/dbnary/statistics/translationGlossesCube,de,http://purl.org/linked-data/cube#Observation
0,2020-08-01,2074,0,680443,501,http://kaiko.getalp.org/dbnary/statistics/translationGlossesCube,de,http://purl.org/linked-data/cube#Observation
0,2020-08-20,2116,0,683532,500,http://kaiko.getalp.org/dbnary/statistics/translationGlossesCube,de,http://purl.org/linked-data/cube#Observation
0,2020-09-01,2132,0,687357,500,http://kaiko.getalp.org/dbnary/statistics/translationGlossesCube,de,http://purl.org/linked-data/cube#Observation
0,2020-09-20,2199,0,693835,500,http://kaiko.getalp.org/dbnary/statistics/translationGlossesCube,de,http://purl.org/linked-data/cube#Observation
0,2020-10-01,2207,0,696287,499,http://kaiko.getalp.org/dbnary/statistics/translationGlossesCube,de,http://purl.org/linked-data/cube#Observation
0,2021-06-01,3018,0,756980,501,http://kaiko.getalp.org/dbnary/statistics/translationGlossesCube,de,http://purl.org/linked-data/cube#Observation
0,2020-07-01,145982,12,17,17706,http://kaiko.getalp.org/dbnary/statistics/translationGlossesCube,el,http://purl.org/linked-data/cube#Observation
0,2020-07-20,147189,12,17,17895,http://kaiko.getalp.org/dbnary/statistics/translationGlossesCube,el,http://purl.org/linked-data/cube#Observation
0,2020-08-01,147949,12,17,17980,http://kaiko.getalp.org/dbnary/statistics/translationGlossesCube,el,http://purl.org/linked-data/cube#Observation
0,2020-08-20,148597,12,17,18252,http://kaiko.getalp.org/dbnary/statistics/translationGlossesCube,el,http://purl.org/linked-data/cube#Observation
0,2020-09-01,149021,12,17,18336,http://kaiko.getalp.org/dbnary/statistics/translationGlossesCube,el,http://purl.org/linked-data/cube#Observation
0,2020-09-20,149701,12,17,18604,http://kaiko.getalp.org/dbnary/statistics/translationGlossesCube,el,http://purl.org/linked-data/cube#Observation
0,2020-10-01,150005,12,17,18657,http://kaiko.getalp.org/dbnary/statistics/translationGlossesCube,el,http://purl.org/linked-data/cube#Observation
0,2020-10-20,150480,12,17,18729,http://kaiko.getalp.org/dbnary/statistics/translationGlossesCube,el,http://purl.org/linked-data/cube#Observation
0,2020-11-01,150884,12,17,18718,http://kaiko.getalp.org/dbnary/statistics/translationGlossesCube,el,http://purl.org/linked-data/cube#Observation
0,2020-11-20,151418,12,17,18794,http://kaiko.getalp.org/dbnary/statistics/translationGlossesCube,el,http://purl.org/linked-data/cube#Observation
0,2020-12-01,151531,12,17,18886,http://kaiko.getalp.org/dbnary/statistics/translationGlossesCube,el,http://purl.org/linked-data/cube#Observation
0,2020-12-20,151974,12,17,18964,http://kaiko.getalp.org/dbnary/statistics/translationGlossesCube,el,http://purl.org/linked-data/cube#Observation
0,2021-01-01,152195,12,17,18992,http://kaiko.getalp.org/dbnary/statistics/translationGlossesCube,el,http://purl.org/linked-data/cube#Observation
0,2021-01-20,152451,12,17,19071,http://kaiko.getalp.org/dbnary/statistics/translationGlossesCube,el,http://purl.org/linked-data/cube#Observation
0,2021-02-01,152776,12,17,19126,http://kaiko.getalp.org/dbnary/statistics/translationGlossesCube,el,http://purl.org/linked-data/cube#Observation
0,2021-02-20,152606,12,11,19265,http://kaiko.getalp.org/dbnary/statistics/translationGlossesCube,el,http://purl.org/linked-data/cube#Observation
0,2021-03-01,152671,12,11,19295,http://kaiko.getalp.org/dbnary/statistics/translationGlossesCube,el,http://purl.org/linked-data/cube#Observation
0,2021-03-20,152776,12,11,19417,http://kaiko.getalp.org/dbnary/statistics/translationGlossesCube,el,http://purl.org/linked-data/cube#Observation
0,2021-04-01,152858,12,11,19489,http://kaiko.getalp.org/dbnary/statistics/translationGlossesCube,el,http://purl.org/linked-data/cube#Observation
0,2021-04-20,153039,12,11,19537,http://kaiko.getalp.org/dbnary/statistics/translationGlossesCube,el,http://purl.org/linked-data/cube#Observation
0,2021-05-01,152554,12,11,19516,http://kaiko.getalp.org/dbnary/statistics/translationGlossesCube,el,http://purl.org/linked-data/cube#Observation
0,2021-05-20,152697,12,11,19656,http://kaiko.getalp.org/dbnary/statistics/translationGlossesCube,el,http://purl.org/linked-data/cube#Observation
0,2021-06-01,152569,12,11,19652,http://kaiko.getalp.org/dbnary/statistics/translationGlossesCube,el,http://purl.org/linked-data/cube#Observation
0,2020-10-20,2232,0,700830,500,http://kaiko.getalp.org/dbnary/statistics/translationGlossesCube,de,http://purl.org/linked-data/cube#Observation
0,2020-11-01,2247,0,702878,503,http://kaiko.getalp.org/dbnary/statistics/translationGlossesCube,de,http://purl.org/linked-data/cube#Observation
0,2020-11-20,2259,0,707139,507,http://kaiko.getalp.org/dbnary/statistics/translationGlossesCube,de,http://purl.org/linked-data/cube#Observation
0,2020-12-01,2260,0,711843,506,http://kaiko.getalp.org/dbnary/statistics/translationGlossesCube,de,http://purl.org/linked-data/cube#Observation
0,2020-12-20,2316,0,714769,506,http://kaiko.getalp.org/dbnary/statistics/translationGlossesCube,de,http://purl.org/linked-data/cube#Observation
0,2021-01-01,2322,0,717569,511,http://kaiko.getalp.org/dbnary/statistics/translationGlossesCube,de,http://purl.org/linked-data/cube#Observation
0,2021-01-20,2406,0,720254,497,http://kaiko.getalp.org/dbnary/statistics/translationGlossesCube,de,http://purl.org/linked-data/cube#Observation
0,2021-02-01,2418,0,722512,498,http://kaiko.getalp.org/dbnary/statistics/translationGlossesCube,de,http://purl.org/linked-data/cube#Observation
0,2021-02-20,2560,0,728864,499,http://kaiko.getalp.org/dbnary/statistics/translationGlossesCube,de,http://purl.org/linked-data/cube#Observation
0,2021-03-01,2674,0,731706,499,http://kaiko.getalp.org/dbnary/statistics/translationGlossesCube,de,http://purl.org/linked-data/cube#Observation
0,2021-03-20,2777,0,738602,503,http://kaiko.getalp.org/dbnary/statistics/translationGlossesCube,de,http://purl.org/linked-data/cube#Observation
0,2021-04-01,2839,0,741801,501,http://kaiko.getalp.org/dbnary/statistics/translationGlossesCube,de,http://purl.org/linked-data/cube#Observation
0,2021-04-20,2900,0,747787,501,http://kaiko.getalp.org/dbnary/statistics/translationGlossesCube,de,http://purl.org/linked-data/cube#Observation
0,2021-05-01,2949,0,750689,501,http://kaiko.getalp.org/dbnary/statistics/translationGlossesCube,de,http://purl.org/linked-data/cube#Observation
0,2021-05-20,3010,0,754206,503,http://kaiko.getalp.org/dbnary/statistics/translationGlossesCube,de,http://purl.org/linked-data/cube#Observation
0,2020-07-01,49663,0,0,67647,http://kaiko.getalp.org/dbnary/statistics/translationGlossesCube,it,http://purl.org/linked-data/cube#Observation
0,2020-07-20,49669,0,0,67806,http://kaiko.getalp.org/dbnary/statistics/translationGlossesCube,it,http://purl.org/linked-data/cube#Observation
0,2020-08-01,49720,0,0,68014,http://kaiko.getalp.org/dbnary/statistics/translationGlossesCube,it,http://purl.org/linked-data/cube#Observation
0,2020-08-20,49915,0,0,68306,http://kaiko.getalp.org/dbnary/statistics/translationGlossesCube,it,http://purl.org/linked-data/cube#Observation
0,2020-09-01,49931,0,0,68797,http://kaiko.getalp.org/dbnary/statistics/translationGlossesCube,it,http://purl.org/linked-data/cube#Observation
0,2020-09-20,49939,0,0,69667,http://kaiko.getalp.org/dbnary/statistics/translationGlossesCube,it,http://purl.org/linked-data/cube#Observation
0,2020-10-01,49923,0,0,70308,http://kaiko.getalp.org/dbnary/statistics/translationGlossesCube,it,http://purl.org/linked-data/cube#Observation
0,2020-10-20,49832,0,0,70756,http://kaiko.getalp.org/dbnary/statistics/translationGlossesCube,it,http://purl.org/linked-data/cube#Observation
0,2020-11-01,49785,0,0,71105,http://kaiko.getalp.org/dbnary/statistics/translationGlossesCube,it,http://purl.org/linked-data/cube#Observation
0,2020-11-20,49895,0,0,71676,http://kaiko.getalp.org/dbnary/statistics/translationGlossesCube,it,http://purl.org/linked-data/cube#Observation
0,2020-12-01,49895,0,0,71933,http://kaiko.getalp.org/dbnary/statistics/translationGlossesCube,it,http://purl.org/linked-data/cube#Observation
0,2021-06-01,50115,0,0,73477,http://kaiko.getalp.org/dbnary/statistics/translationGlossesCube,it,http://purl.org/linked-data/cube#Observation
0,2020-07-01,66262,0,94489,7035,http://kaiko.getalp.org/dbnary/statistics/translationGlossesCube,es,http://purl.org/linked-data/cube#Observation
0,2020-07-20,66304,0,94691,7036,http://kaiko.getalp.org/dbnary/statistics/translationGlossesCube,es,http://purl.org/linked-data/cube#Observation
0,2020-08-01,66370,0,94806,7035,http://kaiko.getalp.org/dbnary/statistics/translationGlossesCube,es,http://purl.org/linked-data/cube#Observation
0,2020-08-20,66517,0,94883,7036,http://kaiko.getalp.org/dbnary/statistics/translationGlossesCube,es,http://purl.org/linked-data/cube#Observation
0,2020-09-01,66543,0,94888,7038,http://kaiko.getalp.org/dbnary/statistics/translationGlossesCube,es,http://purl.org/linked-data/cube#Observation
0,2020-09-20,66701,0,95278,7036,http://kaiko.getalp.org/dbnary/statistics/translationGlossesCube,es,http://purl.org/linked-data/cube#Observation
0,2020-10-01,66832,0,95622,7036,http://kaiko.getalp.org/dbnary/statistics/translationGlossesCube,es,http://purl.org/linked-data/cube#Observation
0,2020-10-20,66997,0,95789,7043,http://kaiko.getalp.org/dbnary/statistics/translationGlossesCube,es,http://purl.org/linked-data/cube#Observation
0,2020-11-01,67094,0,95939,7044,http://kaiko.getalp.org/dbnary/statistics/translationGlossesCube,es,http://purl.org/linked-data/cube#Observation
0,2020-11-20,67176,0,96015,7043,http://kaiko.getalp.org/dbnary/statistics/translationGlossesCube,es,http://purl.org/linked-data/cube#Observation
0,2020-12-01,67262,0,96103,7047,http://kaiko.getalp.org/dbnary/statistics/translationGlossesCube,es,http://purl.org/linked-data/cube#Observation
0,2020-12-20,67485,0,96232,7046,http://kaiko.getalp.org/dbnary/statistics/translationGlossesCube,es,http://purl.org/linked-data/cube#Observation
0,2021-01-01,67701,0,96339,7047,http://kaiko.getalp.org/dbnary/statistics/translationGlossesCube,es,http://purl.org/linked-data/cube#Observation
0,2021-01-20,67855,0,96410,7055,http://kaiko.getalp.org/dbnary/statistics/translationGlossesCube,es,http://purl.org/linked-data/cube#Observation
0,2021-02-01,67943,0,96543,7056,http://kaiko.getalp.org/dbnary/statistics/translationGlossesCube,es,http://purl.org/linked-data/cube#Observation
0,2021-02-20,68059,0,96681,7059,http://kaiko.getalp.org/dbnary/statistics/translationGlossesCube,es,http://purl.org/linked-data/cube#Observation
0,2021-03-01,68082,0,96735,7060,http://kaiko.getalp.org/dbnary/statistics/translationGlossesCube,es,http://purl.org/linked-data/cube#Observation
0,2021-03-20,68164,0,96916,7060,http://kaiko.getalp.org/dbnary/statistics/translationGlossesCube,es,http://purl.org/linked-data/cube#Observation
0,2021-04-01,68531,0,96873,7058,http://kaiko.getalp.org/dbnary/statistics/translationGlossesCube,es,http://purl.org/linked-data/cube#Observation
0,2021-04-20,68652,0,96905,7058,http://kaiko.getalp.org/dbnary/statistics/translationGlossesCube,es,http://purl.org/linked-data/cube#Observation
0,2021-05-01,68684,0,96951,7058,http://kaiko.getalp.org/dbnary/statistics/translationGlossesCube,es,http://purl.org/linked-data/cube#Observation
0,2021-05-20,68753,0,97056,7062,http://kaiko.getalp.org/dbnary/statistics/translationGlossesCube,es,http://purl.org/linked-data/cube#Observation
0,2021-06-01,68803,0,97106,7062,http://kaiko.getalp.org/dbnary/statistics/translationGlossesCube,es,http://purl.org/linked-data/cube#Observation
0,2020-07-01,56936,736,10,2401038,http://kaiko.getalp.org/dbnary/statistics/translationGlossesCube,en,http://purl.org/linked-data/cube#Observation
0,2020-07-20,57110,744,10,2408100,http://kaiko.getalp.org/dbnary/statistics/translationGlossesCube,en,http://purl.org/linked-data/cube#Observation
0,2020-08-01,57305,746,10,2412455,http://kaiko.getalp.org/dbnary/statistics/translationGlossesCube,en,http://purl.org/linked-data/cube#Observation
0,2020-08-20,57572,329,12,2423817,http://kaiko.getalp.org/dbnary/statistics/translationGlossesCube,en,http://purl.org/linked-data/cube#Observation
0,2020-09-01,57732,332,12,2432608,http://kaiko.getalp.org/dbnary/statistics/translationGlossesCube,en,http://purl.org/linked-data/cube#Observation
0,2020-09-20,56542,351,12,2397606,http://kaiko.getalp.org/dbnary/statistics/translationGlossesCube,en,http://purl.org/linked-data/cube#Observation
0,2020-10-01,57003,351,12,2403952,http://kaiko.getalp.org/dbnary/statistics/translationGlossesCube,en,http://purl.org/linked-data/cube#Observation
0,2020-10-20,57371,351,12,2411269,http://kaiko.getalp.org/dbnary/statistics/translationGlossesCube,en,http://purl.org/linked-data/cube#Observation
0,2020-11-01,57529,351,12,2414443,http://kaiko.getalp.org/dbnary/statistics/translationGlossesCube,en,http://purl.org/linked-data/cube#Observation
0,2020-11-20,57627,351,12,2417512,http://kaiko.getalp.org/dbnary/statistics/translationGlossesCube,en,http://purl.org/linked-data/cube#Observation
0,2020-12-01,57693,351,12,2421311,http://kaiko.getalp.org/dbnary/statistics/translationGlossesCube,en,http://purl.org/linked-data/cube#Observation
0,2020-12-20,58054,351,12,2417258,http://kaiko.getalp.org/dbnary/statistics/translationGlossesCube,en,http://purl.org/linked-data/cube#Observation
0,2021-01-01,58378,351,12,2422793,http://kaiko.getalp.org/dbnary/statistics/translationGlossesCube,en,http://purl.org/linked-data/cube#Observation
0,2021-01-20,59737,353,12,2431460,http://kaiko.getalp.org/dbnary/statistics/translationGlossesCube,en,http://purl.org/linked-data/cube#Observation
0,2021-02-01,60170,353,12,2436569,http://kaiko.getalp.org/dbnary/statistics/translationGlossesCube,en,http://purl.org/linked-data/cube#Observation
0,2021-06-01,61653,406,13,2469550,http://kaiko.getalp.org/dbnary/statistics/translationGlossesCube,en,http://purl.org/linked-data/cube#Observation
0,2020-12-20,49819,0,0,72293,http://kaiko.getalp.org/dbnary/statistics/translationGlossesCube,it,http://purl.org/linked-data/cube#Observation
0,2021-01-01,49800,0,0,72379,http://kaiko.getalp.org/dbnary/statistics/translationGlossesCube,it,http://purl.org/linked-data/cube#Observation
0,2021-01-20,49802,0,0,72453,http://kaiko.getalp.org/dbnary/statistics/translationGlossesCube,it,http://purl.org/linked-data/cube#Observation
0,2021-02-01,49830,0,0,72537,http://kaiko.getalp.org/dbnary/statistics/translationGlossesCube,it,http://purl.org/linked-data/cube#Observation
0,2021-02-20,49811,0,0,72501,http://kaiko.getalp.org/dbnary/statistics/translationGlossesCube,it,http://purl.org/linked-data/cube#Observation
0,2021-03-01,49820,0,0,72547,http://kaiko.getalp.org/dbnary/statistics/translationGlossesCube,it,http://purl.org/linked-data/cube#Observation
0,2021-03-20,49861,0,0,72691,http://kaiko.getalp.org/dbnary/statistics/translationGlossesCube,it,http://purl.org/linked-data/cube#Observation
0,2021-04-01,49889,0,0,72772,http://kaiko.getalp.org/dbnary/statistics/translationGlossesCube,it,http://purl.org/linked-data/cube#Observation
0,2021-04-20,49984,0,0,73036,http://kaiko.getalp.org/dbnary/statistics/translationGlossesCube,it,http://purl.org/linked-data/cube#Observation
0,2021-05-01,50052,0,0,73231,http://kaiko.getalp.org/dbnary/statistics/translationGlossesCube,it,http://purl.org/linked-data/cube#Observation
0,2021-05-20,50101,0,0,73394,http://kaiko.getalp.org/dbnary/statistics/translationGlossesCube,it,http://purl.org/linked-data/cube#Observation
0,2020-07-01,126,0,0,124027,http://kaiko.getalp.org/dbnary/statistics/translationGlossesCube,lt,http://purl.org/linked-data/cube#Observation
0,2020-07-20,126,0,0,124771,http://kaiko.getalp.org/dbnary/statistics/translationGlossesCube,lt,http://purl.org/linked-data/cube#Observation
0,2020-08-01,126,0,0,124775,http://kaiko.getalp.org/dbnary/statistics/translationGlossesCube,lt,http://purl.org/linked-data/cube#Observation
0,2020-08-20,126,0,0,124779,http://kaiko.getalp.org/dbnary/statistics/translationGlossesCube,lt,http://purl.org/linked-data/cube#Observation
0,2020-09-01,126,0,0,124451,http://kaiko.getalp.org/dbnary/statistics/translationGlossesCube,lt,http://purl.org/linked-data/cube#Observation
0,2020-09-20,126,0,0,124326,http://kaiko.getalp.org/dbnary/statistics/translationGlossesCube,lt,http://purl.org/linked-data/cube#Observation
0,2020-10-01,126,0,0,124327,http://kaiko.getalp.org/dbnary/statistics/translationGlossesCube,lt,http://purl.org/linked-data/cube#Observation
0,2020-10-20,126,0,0,124347,http://kaiko.getalp.org/dbnary/statistics/translationGlossesCube,lt,http://purl.org/linked-data/cube#Observation
0,2020-11-01,126,0,0,124364,http://kaiko.getalp.org/dbnary/statistics/translationGlossesCube,lt,http://purl.org/linked-data/cube#Observation
0,2020-11-20,126,0,0,124366,http://kaiko.getalp.org/dbnary/statistics/translationGlossesCube,lt,http://purl.org/linked-data/cube#Observation
0,2020-12-01,126,0,0,124367,http://kaiko.getalp.org/dbnary/statistics/translationGlossesCube,lt,http://purl.org/linked-data/cube#Observation
0,2020-12-20,126,0,0,124366,http://kaiko.getalp.org/dbnary/statistics/translationGlossesCube,lt,http://purl.org/linked-data/cube#Observation
0,2021-01-01,126,0,0,124234,http://kaiko.getalp.org/dbnary/statistics/translationGlossesCube,lt,http://purl.org/linked-data/cube#Observation
0,2021-01-20,126,0,0,123969,http://kaiko.getalp.org/dbnary/statistics/translationGlossesCube,lt,http://purl.org/linked-data/cube#Observation
0,2021-02-01,126,0,0,123951,http://kaiko.getalp.org/dbnary/statistics/translationGlossesCube,lt,http://purl.org/linked-data/cube#Observation
0,2021-02-20,126,0,0,123959,http://kaiko.getalp.org/dbnary/statistics/translationGlossesCube,lt,http://purl.org/linked-data/cube#Observation
0,2021-03-01,126,0,0,123959,http://kaiko.getalp.org/dbnary/statistics/translationGlossesCube,lt,http://purl.org/linked-data/cube#Observation
0,2021-03-20,132,0,0,123963,http://kaiko.getalp.org/dbnary/statistics/translationGlossesCube,lt,http://purl.org/linked-data/cube#Observation
0,2021-04-01,132,0,0,123963,http://kaiko.getalp.org/dbnary/statistics/translationGlossesCube,lt,http://purl.org/linked-data/cube#Observation
0,2021-04-20,132,0,0,123969,http://kaiko.getalp.org/dbnary/statistics/translationGlossesCube,lt,http://purl.org/linked-data/cube#Observation
0,2021-05-01,132,0,0,123969,http://kaiko.getalp.org/dbnary/statistics/translationGlossesCube,lt,http://purl.org/linked-data/cube#Observation
0,2021-05-20,132,0,0,123963,http://kaiko.getalp.org/dbnary/statistics/translationGlossesCube,lt,http://purl.org/linked-data/cube#Observation
0,2021-06-01,132,0,0,123963,http://kaiko.getalp.org/dbnary/statistics/translationGlossesCube,lt,http://purl.org/linked-data/cube#Observation
0,2021-02-20,60562,355,12,2444167,http://kaiko.getalp.org/dbnary/statistics/translationGlossesCube,en,http://purl.org/linked-data/cube#Observation
0,2021-03-01,60753,356,12,2447730,http://kaiko.getalp.org/dbnary/statistics/translationGlossesCube,en,http://purl.org/linked-data/cube#Observation
0,2021-03-20,60985,392,13,2449176,http://kaiko.getalp.org/dbnary/statistics/translationGlossesCube,en,http://purl.org/linked-data/cube#Observation
0,2021-04-01,61248,393,13,2450724,http://kaiko.getalp.org/dbnary/statistics/translationGlossesCube,en,http://purl.org/linked-data/cube#Observation
0,2021-04-20,61486,394,13,2453558,http://kaiko.getalp.org/dbnary/statistics/translationGlossesCube,en,http://purl.org/linked-data/cube#Observation
0,2021-05-01,61582,395,13,2458248,http://kaiko.getalp.org/dbnary/statistics/translationGlossesCube,en,http://purl.org/linked-data/cube#Observation
0,2021-05-20,61697,406,13,2464244,http://kaiko.getalp.org/dbnary/statistics/translationGlossesCube,en,http://purl.org/linked-data/cube#Observation
0,2020-07-01,641456,114340,5242,201852,http://kaiko.getalp.org/dbnary/statistics/translationGlossesCube,fr,http://purl.org/linked-data/cube#Observation
0,2020-07-20,642827,114927,5261,202479,http://kaiko.getalp.org/dbnary/statistics/translationGlossesCube,fr,http://purl.org/linked-data/cube#Observation
0,2020-08-01,643821,115586,5272,202493,http://kaiko.getalp.org/dbnary/statistics/translationGlossesCube,fr,http://purl.org/linked-data/cube#Observation
0,2020-08-20,645411,115891,5284,202918,http://kaiko.getalp.org/dbnary/statistics/translationGlossesCube,fr,http://purl.org/linked-data/cube#Observation
0,2020-09-01,646165,115987,5304,203162,http://kaiko.getalp.org/dbnary/statistics/translationGlossesCube,fr,http://purl.org/linked-data/cube#Observation
0,2020-09-20,647292,116633,5327,203494,http://kaiko.getalp.org/dbnary/statistics/translationGlossesCube,fr,http://purl.org/linked-data/cube#Observation
0,2020-10-01,648116,116818,5309,203816,http://kaiko.getalp.org/dbnary/statistics/translationGlossesCube,fr,http://purl.org/linked-data/cube#Observation
0,2020-10-20,650003,117190,5322,204375,http://kaiko.getalp.org/dbnary/statistics/translationGlossesCube,fr,http://purl.org/linked-data/cube#Observation
0,2020-11-01,651511,117558,5329,204690,http://kaiko.getalp.org/dbnary/statistics/translationGlossesCube,fr,http://purl.org/linked-data/cube#Observation
0,2020-11-20,653869,117930,5353,205403,http://kaiko.getalp.org/dbnary/statistics/translationGlossesCube,fr,http://purl.org/linked-data/cube#Observation
0,2020-12-01,655814,118865,5448,205883,http://kaiko.getalp.org/dbnary/statistics/translationGlossesCube,fr,http://purl.org/linked-data/cube#Observation
0,2020-12-20,664283,120507,5416,207379,http://kaiko.getalp.org/dbnary/statistics/translationGlossesCube,fr,http://purl.org/linked-data/cube#Observation
0,2021-01-01,665592,121457,5425,207352,http://kaiko.getalp.org/dbnary/statistics/translationGlossesCube,fr,http://purl.org/linked-data/cube#Observation
0,2021-01-20,667810,122192,5448,208006,http://kaiko.getalp.org/dbnary/statistics/translationGlossesCube,fr,http://purl.org/linked-data/cube#Observation
0,2021-02-01,668923,123143,5440,208572,http://kaiko.getalp.org/dbnary/statistics/translationGlossesCube,fr,http://purl.org/linked-data/cube#Observation
0,2021-02-20,671096,123857,5464,209203,http://kaiko.getalp.org/dbnary/statistics/translationGlossesCube,fr,http://purl.org/linked-data/cube#Observation
0,2021-03-01,672139,124009,5469,209716,http://kaiko.getalp.org/dbnary/statistics/translationGlossesCube,fr,http://purl.org/linked-data/cube#Observation
0,2021-03-20,674148,124470,5476,210290,http://kaiko.getalp.org/dbnary/statistics/translationGlossesCube,fr,http://purl.org/linked-data/cube#Observation
0,2021-04-01,676729,124992,5487,210902,http://kaiko.getalp.org/dbnary/statistics/translationGlossesCube,fr,http://purl.org/linked-data/cube#Observation
0,2021-04-20,679436,126253,5513,212188,http://kaiko.getalp.org/dbnary/statistics/translationGlossesCube,fr,http://purl.org/linked-data/cube#Observation
0,2021-05-01,682118,126695,5572,213158,http://kaiko.getalp.org/dbnary/statistics/translationGlossesCube,fr,http://purl.org/linked-data/cube#Observation
0,2021-05-20,686208,128405,5694,214394,http://kaiko.getalp.org/dbnary/statistics/translationGlossesCube,fr,http://purl.org/linked-data/cube#Observation
0,2021-06-01,688020,129261,5716,215070,http://kaiko.getalp.org/dbnary/statistics/translationGlossesCube,fr,http://purl.org/linked-data/cube#Observation
0,2020-07-01,342966,0,67,261783,http://kaiko.getalp.org/dbnary/statistics/translationGlossesCube,ru,http://purl.org/linked-data/cube#Observation
0,2020-07-20,343960,0,67,261972,http://kaiko.getalp.org/dbnary/statistics/translationGlossesCube,ru,http://purl.org/linked-data/cube#Observation
0,2020-08-01,344532,0,67,262168,http://kaiko.getalp.org/dbnary/statistics/translationGlossesCube,ru,http://purl.org/linked-data/cube#Observation
0,2020-08-20,345452,0,67,262580,http://kaiko.getalp.org/dbnary/statistics/translationGlossesCube,ru,http://purl.org/linked-data/cube#Observation
0,2020-09-01,345899,0,67,262751,http://kaiko.getalp.org/dbnary/statistics/translationGlossesCube,ru,http://purl.org/linked-data/cube#Observation
0,2020-09-20,346447,0,67,262938,http://kaiko.getalp.org/dbnary/statistics/translationGlossesCube,ru,http://purl.org/linked-data/cube#Observation
0,2020-10-01,346889,0,67,263131,http://kaiko.getalp.org/dbnary/statistics/translationGlossesCube,ru,http://purl.org/linked-data/cube#Observation
0,2020-10-20,347303,0,67,263740,http://kaiko.getalp.org/dbnary/statistics/translationGlossesCube,ru,http://purl.org/linked-data/cube#Observation
0,2020-11-01,347682,0,67,263954,http://kaiko.getalp.org/dbnary/statistics/translationGlossesCube,ru,http://purl.org/linked-data/cube#Observation
0,2020-11-20,348108,0,67,264215,http://kaiko.getalp.org/dbnary/statistics/translationGlossesCube,ru,http://purl.org/linked-data/cube#Observation
0,2020-12-01,348501,0,67,264260,http://kaiko.getalp.org/dbnary/statistics/translationGlossesCube,ru,http://purl.org/linked-data/cube#Observation
0,2020-12-20,348869,0,67,264532,http://kaiko.getalp.org/dbnary/statistics/translationGlossesCube,ru,http://purl.org/linked-data/cube#Observation
0,2021-01-01,349340,0,67,264844,http://kaiko.getalp.org/dbnary/statistics/translationGlossesCube,ru,http://purl.org/linked-data/cube#Observation
0,2021-01-20,350136,0,67,265130,http://kaiko.getalp.org/dbnary/statistics/translationGlossesCube,ru,http://purl.org/linked-data/cube#Observation
0,2021-02-01,350588,0,67,265218,http://kaiko.getalp.org/dbnary/statistics/translationGlossesCube,ru,http://purl.org/linked-data/cube#Observation
0,2021-02-20,351204,0,67,265515,http://kaiko.getalp.org/dbnary/statistics/translationGlossesCube,ru,http://purl.org/linked-data/cube#Observation
0,2021-03-01,356264,0,75,269259,http://kaiko.getalp.org/dbnary/statistics/translationGlossesCube,ru,http://purl.org/linked-data/cube#Observation
0,2021-03-20,356779,0,75,269924,http://kaiko.getalp.org/dbnary/statistics/translationGlossesCube,ru,http://purl.org/linked-data/cube#Observation
0,2021-04-01,357310,0,75,270150,http://kaiko.getalp.org/dbnary/statistics/translationGlossesCube,ru,http://purl.org/linked-data/cube#Observation
0,2021-06-01,359847,0,76,271244,http://kaiko.getalp.org/dbnary/statistics/translationGlossesCube,ru,http://purl.org/linked-data/cube#Observation
0,2020-07-01,112575,4864,6433,37213,http://kaiko.getalp.org/dbnary/statistics/translationGlossesCube,ja,http://purl.org/linked-data/cube#Observation
0,2020-07-20,113110,4870,6444,37351,http://kaiko.getalp.org/dbnary/statistics/translationGlossesCube,ja,http://purl.org/linked-data/cube#Observation
0,2020-08-01,113326,4870,6444,37451,http://kaiko.getalp.org/dbnary/statistics/translationGlossesCube,ja,http://purl.org/linked-data/cube#Observation
0,2020-08-20,113340,4904,6433,37884,http://kaiko.getalp.org/dbnary/statistics/translationGlossesCube,ja,http://purl.org/linked-data/cube#Observation
0,2020-09-01,113690,4904,6441,37973,http://kaiko.getalp.org/dbnary/statistics/translationGlossesCube,ja,http://purl.org/linked-data/cube#Observation
0,2020-09-20,113872,4909,6496,37990,http://kaiko.getalp.org/dbnary/statistics/translationGlossesCube,ja,http://purl.org/linked-data/cube#Observation
0,2020-10-01,113826,4909,6522,38259,http://kaiko.getalp.org/dbnary/statistics/translationGlossesCube,ja,http://purl.org/linked-data/cube#Observation
0,2020-10-20,114207,4909,6655,38336,http://kaiko.getalp.org/dbnary/statistics/translationGlossesCube,ja,http://purl.org/linked-data/cube#Observation
0,2020-11-01,114452,4909,6735,38394,http://kaiko.getalp.org/dbnary/statistics/translationGlossesCube,ja,http://purl.org/linked-data/cube#Observation
0,2020-11-20,115086,4928,6751,38456,http://kaiko.getalp.org/dbnary/statistics/translationGlossesCube,ja,http://purl.org/linked-data/cube#Observation
0,2020-12-01,115288,4928,6751,38491,http://kaiko.getalp.org/dbnary/statistics/translationGlossesCube,ja,http://purl.org/linked-data/cube#Observation
0,2020-12-20,115438,5116,7116,38660,http://kaiko.getalp.org/dbnary/statistics/translationGlossesCube,ja,http://purl.org/linked-data/cube#Observation
0,2021-01-01,115641,5156,7116,38734,http://kaiko.getalp.org/dbnary/statistics/translationGlossesCube,ja,http://purl.org/linked-data/cube#Observation
0,2021-01-20,115765,5170,7121,38851,http://kaiko.getalp.org/dbnary/statistics/translationGlossesCube,ja,http://purl.org/linked-data/cube#Observation
0,2021-02-01,116290,5170,7121,38864,http://kaiko.getalp.org/dbnary/statistics/translationGlossesCube,ja,http://purl.org/linked-data/cube#Observation
0,2021-02-20,116576,5170,7121,38885,http://kaiko.getalp.org/dbnary/statistics/translationGlossesCube,ja,http://purl.org/linked-data/cube#Observation
0,2021-03-01,116805,5170,7342,38910,http://kaiko.getalp.org/dbnary/statistics/translationGlossesCube,ja,http://purl.org/linked-data/cube#Observation
0,2021-03-20,117328,5170,7343,38980,http://kaiko.getalp.org/dbnary/statistics/translationGlossesCube,ja,http://purl.org/linked-data/cube#Observation
0,2021-04-01,117979,5170,7343,38992,http://kaiko.getalp.org/dbnary/statistics/translationGlossesCube,ja,http://purl.org/linked-data/cube#Observation
0,2021-04-20,118747,5313,7343,39011,http://kaiko.getalp.org/dbnary/statistics/translationGlossesCube,ja,http://purl.org/linked-data/cube#Observation
0,2021-05-01,118935,5313,7343,39103,http://kaiko.getalp.org/dbnary/statistics/translationGlossesCube,ja,http://purl.org/linked-data/cube#Observation
0,2021-05-20,119407,5313,7343,39238,http://kaiko.getalp.org/dbnary/statistics/translationGlossesCube,ja,http://purl.org/linked-data/cube#Observation
0,2021-06-01,119724,5313,7343,39250,http://kaiko.getalp.org/dbnary/statistics/translationGlossesCube,ja,http://purl.org/linked-data/cube#Observation
0,2020-07-01,4583,0,0,0,http://kaiko.getalp.org/dbnary/statistics/translationGlossesCube,la,http://purl.org/linked-data/cube#Observation
0,2020-07-20,4584,0,0,0,http://kaiko.getalp.org/dbnary/statistics/translationGlossesCube,la,http://purl.org/linked-data/cube#Observation
0,2020-08-01,4578,0,0,0,http://kaiko.getalp.org/dbnary/statistics/translationGlossesCube,la,http://purl.org/linked-data/cube#Observation
0,2020-08-20,4580,0,0,0,http://kaiko.getalp.org/dbnary/statistics/translationGlossesCube,la,http://purl.org/linked-data/cube#Observation
0,2020-09-01,4581,0,0,0,http://kaiko.getalp.org/dbnary/statistics/translationGlossesCube,la,http://purl.org/linked-data/cube#Observation
0,2020-09-20,4577,0,0,0,http://kaiko.getalp.org/dbnary/statistics/translationGlossesCube,la,http://purl.org/linked-data/cube#Observation
0,2020-10-01,4577,0,0,0,http://kaiko.getalp.org/dbnary/statistics/translationGlossesCube,la,http://purl.org/linked-data/cube#Observation
0,2020-10-20,4434,0,0,0,http://kaiko.getalp.org/dbnary/statistics/translationGlossesCube,la,http://purl.org/linked-data/cube#Observation
0,2020-11-01,4419,0,0,0,http://kaiko.getalp.org/dbnary/statistics/translationGlossesCube,la,http://purl.org/linked-data/cube#Observation
0,2020-11-20,4417,0,0,0,http://kaiko.getalp.org/dbnary/statistics/translationGlossesCube,la,http://purl.org/linked-data/cube#Observation
0,2020-12-01,4417,0,0,0,http://kaiko.getalp.org/dbnary/statistics/translationGlossesCube,la,http://purl.org/linked-data/cube#Observation
0,2020-12-20,4400,0,0,0,http://kaiko.getalp.org/dbnary/statistics/translationGlossesCube,la,http://purl.org/linked-data/cube#Observation
0,2021-01-01,4400,0,0,0,http://kaiko.getalp.org/dbnary/statistics/translationGlossesCube,la,http://purl.org/linked-data/cube#Observation
0,2021-01-20,4383,0,0,0,http://kaiko.getalp.org/dbnary/statistics/translationGlossesCube,la,http://purl.org/linked-data/cube#Observation
0,2021-02-01,4381,0,0,0,http://kaiko.getalp.org/dbnary/statistics/translationGlossesCube,la,http://purl.org/linked-data/cube#Observation
0,2021-02-20,4381,0,0,0,http://kaiko.getalp.org/dbnary/statistics/translationGlossesCube,la,http://purl.org/linked-data/cube#Observation
0,2021-03-01,4381,0,0,0,http://kaiko.getalp.org/dbnary/statistics/translationGlossesCube,la,http://purl.org/linked-data/cube#Observation
0,2021-03-20,4377,0,0,0,http://kaiko.getalp.org/dbnary/statistics/translationGlossesCube,la,http://purl.org/linked-data/cube#Observation
0,2021-04-01,4377,0,0,0,http://kaiko.getalp.org/dbnary/statistics/translationGlossesCube,la,http://purl.org/linked-data/cube#Observation
0,2021-04-20,4377,0,0,0,http://kaiko.getalp.org/dbnary/statistics/translationGlossesCube,la,http://purl.org/linked-data/cube#Observation
0,2021-05-01,4368,0,0,0,http://kaiko.getalp.org/dbnary/statistics/translationGlossesCube,la,http://purl.org/linked-data/cube#Observation
0,2021-05-20,4349,0,0,0,http://kaiko.getalp.org/dbnary/statistics/translationGlossesCube,la,http://purl.org/linked-data/cube#Observation
0,2021-06-01,4344,0,0,0,http://kaiko.getalp.org/dbnary/statistics/translationGlossesCube,la,http://purl.org/linked-data/cube#Observation
0,2021-06-01,299,0,0,159,http://kaiko.getalp.org/dbnary/statistics/translationGlossesCube,no,http://purl.org/linked-data/cube#Observation
0,2021-04-20,358109,0,76,270541,http://kaiko.getalp.org/dbnary/statistics/translationGlossesCube,ru,http://purl.org/linked-data/cube#Observation
0,2021-05-01,358773,0,76,270656,http://kaiko.getalp.org/dbnary/statistics/translationGlossesCube,ru,http://purl.org/linked-data/cube#Observation
0,2021-05-20,359557,0,76,270960,http://kaiko.getalp.org/dbnary/statistics/translationGlossesCube,ru,http://purl.org/linked-data/cube#Observation
0,2020-07-01,295688,0,0,0,http://kaiko.getalp.org/dbnary/statistics/translationGlossesCube,mg,http://purl.org/linked-data/cube#Observation
0,2020-07-20,295688,0,0,0,http://kaiko.getalp.org/dbnary/statistics/translationGlossesCube,mg,http://purl.org/linked-data/cube#Observation
0,2020-08-01,295688,0,0,0,http://kaiko.getalp.org/dbnary/statistics/translationGlossesCube,mg,http://purl.org/linked-data/cube#Observation
0,2020-08-20,295680,0,0,0,http://kaiko.getalp.org/dbnary/statistics/translationGlossesCube,mg,http://purl.org/linked-data/cube#Observation
0,2020-09-01,295680,0,0,0,http://kaiko.getalp.org/dbnary/statistics/translationGlossesCube,mg,http://purl.org/linked-data/cube#Observation
0,2020-09-20,295680,0,0,0,http://kaiko.getalp.org/dbnary/statistics/translationGlossesCube,mg,http://purl.org/linked-data/cube#Observation
0,2020-10-01,295680,0,0,0,http://kaiko.getalp.org/dbnary/statistics/translationGlossesCube,mg,http://purl.org/linked-data/cube#Observation
0,2020-10-20,294773,0,0,0,http://kaiko.getalp.org/dbnary/statistics/translationGlossesCube,mg,http://purl.org/linked-data/cube#Observation
0,2020-11-01,294704,0,0,0,http://kaiko.getalp.org/dbnary/statistics/translationGlossesCube,mg,http://purl.org/linked-data/cube#Observation
0,2020-11-20,293762,0,0,0,http://kaiko.getalp.org/dbnary/statistics/translationGlossesCube,mg,http://purl.org/linked-data/cube#Observation
0,2020-12-01,293747,0,0,0,http://kaiko.getalp.org/dbnary/statistics/translationGlossesCube,mg,http://purl.org/linked-data/cube#Observation
0,2020-12-20,293113,0,0,0,http://kaiko.getalp.org/dbnary/statistics/translationGlossesCube,mg,http://purl.org/linked-data/cube#Observation
0,2021-01-01,293063,0,0,0,http://kaiko.getalp.org/dbnary/statistics/translationGlossesCube,mg,http://purl.org/linked-data/cube#Observation
0,2021-01-20,293062,0,0,0,http://kaiko.getalp.org/dbnary/statistics/translationGlossesCube,mg,http://purl.org/linked-data/cube#Observation
0,2021-02-01,293062,0,0,0,http://kaiko.getalp.org/dbnary/statistics/translationGlossesCube,mg,http://purl.org/linked-data/cube#Observation
0,2021-02-20,293062,0,0,0,http://kaiko.getalp.org/dbnary/statistics/translationGlossesCube,mg,http://purl.org/linked-data/cube#Observation
0,2021-03-01,293062,0,0,0,http://kaiko.getalp.org/dbnary/statistics/translationGlossesCube,mg,http://purl.org/linked-data/cube#Observation
0,2021-03-20,293062,0,0,0,http://kaiko.getalp.org/dbnary/statistics/translationGlossesCube,mg,http://purl.org/linked-data/cube#Observation
0,2021-04-01,225960,0,0,0,http://kaiko.getalp.org/dbnary/statistics/translationGlossesCube,mg,http://purl.org/linked-data/cube#Observation
0,2021-04-20,225960,0,0,0,http://kaiko.getalp.org/dbnary/statistics/translationGlossesCube,mg,http://purl.org/linked-data/cube#Observation
0,2021-05-01,225960,0,0,0,http://kaiko.getalp.org/dbnary/statistics/translationGlossesCube,mg,http://purl.org/linked-data/cube#Observation
0,2021-05-20,225960,0,0,0,http://kaiko.getalp.org/dbnary/statistics/translationGlossesCube,mg,http://purl.org/linked-data/cube#Observation
0,2021-06-01,225960,0,0,0,http://kaiko.getalp.org/dbnary/statistics/translationGlossesCube,mg,http://purl.org/linked-data/cube#Observation
0,2020-07-01,59815,0,0,217210,http://kaiko.getalp.org/dbnary/statistics/translationGlossesCube,nl,http://purl.org/linked-data/cube#Observation
0,2020-07-20,55230,0,0,166004,http://kaiko.getalp.org/dbnary/statistics/translationGlossesCube,nl,http://purl.org/linked-data/cube#Observation
0,2020-08-01,55221,0,0,166046,http://kaiko.getalp.org/dbnary/statistics/translationGlossesCube,nl,http://purl.org/linked-data/cube#Observation
0,2020-08-20,55154,0,0,166177,http://kaiko.getalp.org/dbnary/statistics/translationGlossesCube,nl,http://purl.org/linked-data/cube#Observation
0,2021-06-01,56588,0,0,170639,http://kaiko.getalp.org/dbnary/statistics/translationGlossesCube,nl,http://purl.org/linked-data/cube#Observation
0,2020-07-01,323,0,0,161,http://kaiko.getalp.org/dbnary/statistics/translationGlossesCube,no,http://purl.org/linked-data/cube#Observation
0,2020-07-20,323,0,0,161,http://kaiko.getalp.org/dbnary/statistics/translationGlossesCube,no,http://purl.org/linked-data/cube#Observation
0,2020-08-01,323,0,0,161,http://kaiko.getalp.org/dbnary/statistics/translationGlossesCube,no,http://purl.org/linked-data/cube#Observation
0,2020-08-20,322,0,0,161,http://kaiko.getalp.org/dbnary/statistics/translationGlossesCube,no,http://purl.org/linked-data/cube#Observation
0,2020-09-01,322,0,0,161,http://kaiko.getalp.org/dbnary/statistics/translationGlossesCube,no,http://purl.org/linked-data/cube#Observation
0,2020-09-20,321,0,0,161,http://kaiko.getalp.org/dbnary/statistics/translationGlossesCube,no,http://purl.org/linked-data/cube#Observation
0,2020-10-01,321,0,0,161,http://kaiko.getalp.org/dbnary/statistics/translationGlossesCube,no,http://purl.org/linked-data/cube#Observation
0,2020-10-20,323,0,0,161,http://kaiko.getalp.org/dbnary/statistics/translationGlossesCube,no,http://purl.org/linked-data/cube#Observation
0,2020-11-01,324,0,0,161,http://kaiko.getalp.org/dbnary/statistics/translationGlossesCube,no,http://purl.org/linked-data/cube#Observation
0,2020-11-20,319,0,0,161,http://kaiko.getalp.org/dbnary/statistics/translationGlossesCube,no,http://purl.org/linked-data/cube#Observation
0,2020-12-01,319,0,0,161,http://kaiko.getalp.org/dbnary/statistics/translationGlossesCube,no,http://purl.org/linked-data/cube#Observation
0,2020-12-20,319,0,0,161,http://kaiko.getalp.org/dbnary/statistics/translationGlossesCube,no,http://purl.org/linked-data/cube#Observation
0,2021-01-01,319,0,0,157,http://kaiko.getalp.org/dbnary/statistics/translationGlossesCube,no,http://purl.org/linked-data/cube#Observation
0,2021-01-20,319,0,0,157,http://kaiko.getalp.org/dbnary/statistics/translationGlossesCube,no,http://purl.org/linked-data/cube#Observation
0,2021-02-01,320,0,0,157,http://kaiko.getalp.org/dbnary/statistics/translationGlossesCube,no,http://purl.org/linked-data/cube#Observation
0,2021-02-20,318,0,0,157,http://kaiko.getalp.org/dbnary/statistics/translationGlossesCube,no,http://purl.org/linked-data/cube#Observation
0,2021-03-01,318,0,0,157,http://kaiko.getalp.org/dbnary/statistics/translationGlossesCube,no,http://purl.org/linked-data/cube#Observation
0,2021-03-20,317,0,0,157,http://kaiko.getalp.org/dbnary/statistics/translationGlossesCube,no,http://purl.org/linked-data/cube#Observation
0,2021-04-01,299,0,0,159,http://kaiko.getalp.org/dbnary/statistics/translationGlossesCube,no,http://purl.org/linked-data/cube#Observation
0,2021-04-20,298,0,0,159,http://kaiko.getalp.org/dbnary/statistics/translationGlossesCube,no,http://purl.org/linked-data/cube#Observation
0,2021-05-01,299,0,0,159,http://kaiko.getalp.org/dbnary/statistics/translationGlossesCube,no,http://purl.org/linked-data/cube#Observation
0,2021-05-20,299,0,0,159,http://kaiko.getalp.org/dbnary/statistics/translationGlossesCube,no,http://purl.org/linked-data/cube#Observation
0,2020-09-01,55125,0,0,166201,http://kaiko.getalp.org/dbnary/statistics/translationGlossesCube,nl,http://purl.org/linked-data/cube#Observation
0,2020-09-20,55176,0,0,166440,http://kaiko.getalp.org/dbnary/statistics/translationGlossesCube,nl,http://purl.org/linked-data/cube#Observation
0,2020-10-01,55192,0,0,166461,http://kaiko.getalp.org/dbnary/statistics/translationGlossesCube,nl,http://purl.org/linked-data/cube#Observation
0,2020-10-20,55244,0,0,166609,http://kaiko.getalp.org/dbnary/statistics/translationGlossesCube,nl,http://purl.org/linked-data/cube#Observation
0,2020-11-01,55235,0,0,166911,http://kaiko.getalp.org/dbnary/statistics/translationGlossesCube,nl,http://purl.org/linked-data/cube#Observation
0,2020-11-20,55314,0,0,167234,http://kaiko.getalp.org/dbnary/statistics/translationGlossesCube,nl,http://purl.org/linked-data/cube#Observation
0,2020-12-01,55396,0,0,167331,http://kaiko.getalp.org/dbnary/statistics/translationGlossesCube,nl,http://purl.org/linked-data/cube#Observation
0,2020-12-20,55425,0,0,167520,http://kaiko.getalp.org/dbnary/statistics/translationGlossesCube,nl,http://purl.org/linked-data/cube#Observation
0,2021-01-01,55522,0,0,167919,http://kaiko.getalp.org/dbnary/statistics/translationGlossesCube,nl,http://purl.org/linked-data/cube#Observation
0,2021-01-20,55640,0,0,168365,http://kaiko.getalp.org/dbnary/statistics/translationGlossesCube,nl,http://purl.org/linked-data/cube#Observation
0,2021-02-01,55683,0,0,168572,http://kaiko.getalp.org/dbnary/statistics/translationGlossesCube,nl,http://purl.org/linked-data/cube#Observation
0,2021-02-20,55826,0,0,168801,http://kaiko.getalp.org/dbnary/statistics/translationGlossesCube,nl,http://purl.org/linked-data/cube#Observation
0,2021-03-01,55834,0,0,168865,http://kaiko.getalp.org/dbnary/statistics/translationGlossesCube,nl,http://purl.org/linked-data/cube#Observation
0,2021-03-20,55861,0,0,168996,http://kaiko.getalp.org/dbnary/statistics/translationGlossesCube,nl,http://purl.org/linked-data/cube#Observation
0,2021-04-01,55909,0,0,169294,http://kaiko.getalp.org/dbnary/statistics/translationGlossesCube,nl,http://purl.org/linked-data/cube#Observation
0,2021-04-20,55993,0,0,169565,http://kaiko.getalp.org/dbnary/statistics/translationGlossesCube,nl,http://purl.org/linked-data/cube#Observation
0,2021-05-01,56022,0,0,169815,http://kaiko.getalp.org/dbnary/statistics/translationGlossesCube,nl,http://purl.org/linked-data/cube#Observation
0,2021-05-20,56066,0,0,170026,http://kaiko.getalp.org/dbnary/statistics/translationGlossesCube,nl,http://purl.org/linked-data/cube#Observation
0,2020-07-01,227145,72034,5937,6417,http://kaiko.getalp.org/dbnary/statistics/translationGlossesCube,pt,http://purl.org/linked-data/cube#Observation
0,2020-07-20,227429,72038,5942,6418,http://kaiko.getalp.org/dbnary/statistics/translationGlossesCube,pt,http://purl.org/linked-data/cube#Observation
0,2020-08-01,227504,72053,5949,6417,http://kaiko.getalp.org/dbnary/statistics/translationGlossesCube,pt,http://purl.org/linked-data/cube#Observation
0,2020-08-20,228017,72065,5923,6421,http://kaiko.getalp.org/dbnary/statistics/translationGlossesCube,pt,http://purl.org/linked-data/cube#Observation
0,2020-09-01,228064,72074,5924,6422,http://kaiko.getalp.org/dbnary/statistics/translationGlossesCube,pt,http://purl.org/linked-data/cube#Observation
0,2020-09-20,228055,72075,5924,6488,http://kaiko.getalp.org/dbnary/statistics/translationGlossesCube,pt,http://purl.org/linked-data/cube#Observation
0,2020-10-01,228138,71969,5926,6490,http://kaiko.getalp.org/dbnary/statistics/translationGlossesCube,pt,http://purl.org/linked-data/cube#Observation
0,2020-10-20,228347,71970,5905,6490,http://kaiko.getalp.org/dbnary/statistics/translationGlossesCube,pt,http://purl.org/linked-data/cube#Observation
0,2020-11-01,228575,72095,5905,6490,http://kaiko.getalp.org/dbnary/statistics/translationGlossesCube,pt,http://purl.org/linked-data/cube#Observation
0,2020-11-20,228477,72098,5854,6490,http://kaiko.getalp.org/dbnary/statistics/translationGlossesCube,pt,http://purl.org/linked-data/cube#Observation
0,2020-12-01,228591,72150,5854,6490,http://kaiko.getalp.org/dbnary/statistics/translationGlossesCube,pt,http://purl.org/linked-data/cube#Observation
0,2020-12-20,227857,72302,5853,6648,http://kaiko.getalp.org/dbnary/statistics/translationGlossesCube,pt,http://purl.org/linked-data/cube#Observation
0,2021-01-01,228211,72324,5855,6649,http://kaiko.getalp.org/dbnary/statistics/translationGlossesCube,pt,http://purl.org/linked-data/cube#Observation
0,2021-01-20,228066,70791,5853,6649,http://kaiko.getalp.org/dbnary/statistics/translationGlossesCube,pt,http://purl.org/linked-data/cube#Observation
0,2021-02-01,228162,70933,5853,6649,http://kaiko.getalp.org/dbnary/statistics/translationGlossesCube,pt,http://purl.org/linked-data/cube#Observation
0,2021-02-20,228178,71003,6037,6736,http://kaiko.getalp.org/dbnary/statistics/translationGlossesCube,pt,http://purl.org/linked-data/cube#Observation
0,2021-03-01,228339,70948,6036,6804,http://kaiko.getalp.org/dbnary/statistics/translationGlossesCube,pt,http://purl.org/linked-data/cube#Observation
0,2021-03-20,228801,70725,6064,6815,http://kaiko.getalp.org/dbnary/statistics/translationGlossesCube,pt,http://purl.org/linked-data/cube#Observation
0,2021-04-01,228975,70716,6088,6756,http://kaiko.getalp.org/dbnary/statistics/translationGlossesCube,pt,http://purl.org/linked-data/cube#Observation
0,2021-04-20,227978,70750,6085,6761,http://kaiko.getalp.org/dbnary/statistics/translationGlossesCube,pt,http://purl.org/linked-data/cube#Observation
0,2021-05-01,228006,70323,6086,6472,http://kaiko.getalp.org/dbnary/statistics/translationGlossesCube,pt,http://purl.org/linked-data/cube#Observation
0,2021-05-20,228073,70409,6107,6604,http://kaiko.getalp.org/dbnary/statistics/translationGlossesCube,pt,http://purl.org/linked-data/cube#Observation
0,2021-06-01,228453,70570,6094,6604,http://kaiko.getalp.org/dbnary/statistics/translationGlossesCube,pt,http://purl.org/linked-data/cube#Observation
0,2020-07-01,100595,4,0,33887,http://kaiko.getalp.org/dbnary/statistics/translationGlossesCube,tr,http://purl.org/linked-data/cube#Observation
0,2020-07-20,101094,4,0,34389,http://kaiko.getalp.org/dbnary/statistics/translationGlossesCube,tr,http://purl.org/linked-data/cube#Observation
0,2020-08-01,101131,4,0,34710,http://kaiko.getalp.org/dbnary/statistics/translationGlossesCube,tr,http://purl.org/linked-data/cube#Observation
0,2020-08-20,101746,4,0,34827,http://kaiko.getalp.org/dbnary/statistics/translationGlossesCube,tr,http://purl.org/linked-data/cube#Observation
0,2020-09-01,102043,4,0,35024,http://kaiko.getalp.org/dbnary/statistics/translationGlossesCube,tr,http://purl.org/linked-data/cube#Observation
0,2020-09-20,102615,4,0,35164,http://kaiko.getalp.org/dbnary/statistics/translationGlossesCube,tr,http://purl.org/linked-data/cube#Observation
0,2020-10-01,102711,4,0,35346,http://kaiko.getalp.org/dbnary/statistics/translationGlossesCube,tr,http://purl.org/linked-data/cube#Observation
0,2020-10-20,103487,4,0,35152,http://kaiko.getalp.org/dbnary/statistics/translationGlossesCube,tr,http://purl.org/linked-data/cube#Observation
0,2021-06-01,103995,27,0,42866,http://kaiko.getalp.org/dbnary/statistics/translationGlossesCube,tr,http://purl.org/linked-data/cube#Observation
0,2020-07-01,2,0,522582,0,http://kaiko.getalp.org/dbnary/statistics/translationGlossesCube,pl,http://purl.org/linked-data/cube#Observation
0,2020-07-20,2,0,524809,0,http://kaiko.getalp.org/dbnary/statistics/translationGlossesCube,pl,http://purl.org/linked-data/cube#Observation
0,2020-08-01,2,0,526406,0,http://kaiko.getalp.org/dbnary/statistics/translationGlossesCube,pl,http://purl.org/linked-data/cube#Observation
0,2020-08-20,2,0,528879,0,http://kaiko.getalp.org/dbnary/statistics/translationGlossesCube,pl,http://purl.org/linked-data/cube#Observation
0,2020-09-01,2,0,530071,0,http://kaiko.getalp.org/dbnary/statistics/translationGlossesCube,pl,http://purl.org/linked-data/cube#Observation
0,2020-09-20,2,0,532537,0,http://kaiko.getalp.org/dbnary/statistics/translationGlossesCube,pl,http://purl.org/linked-data/cube#Observation
0,2020-10-01,2,0,534091,0,http://kaiko.getalp.org/dbnary/statistics/translationGlossesCube,pl,http://purl.org/linked-data/cube#Observation
0,2020-10-20,2,0,536943,0,http://kaiko.getalp.org/dbnary/statistics/translationGlossesCube,pl,http://purl.org/linked-data/cube#Observation
0,2020-11-01,2,0,538343,0,http://kaiko.getalp.org/dbnary/statistics/translationGlossesCube,pl,http://purl.org/linked-data/cube#Observation
0,2020-11-20,2,0,541478,0,http://kaiko.getalp.org/dbnary/statistics/translationGlossesCube,pl,http://purl.org/linked-data/cube#Observation
0,2020-12-01,2,0,543075,0,http://kaiko.getalp.org/dbnary/statistics/translationGlossesCube,pl,http://purl.org/linked-data/cube#Observation
0,2020-12-20,2,0,546637,0,http://kaiko.getalp.org/dbnary/statistics/translationGlossesCube,pl,http://purl.org/linked-data/cube#Observation
0,2021-01-01,2,0,548379,0,http://kaiko.getalp.org/dbnary/statistics/translationGlossesCube,pl,http://purl.org/linked-data/cube#Observation
0,2021-01-20,2,0,552202,0,http://kaiko.getalp.org/dbnary/statistics/translationGlossesCube,pl,http://purl.org/linked-data/cube#Observation
0,2021-02-01,2,0,554321,0,http://kaiko.getalp.org/dbnary/statistics/translationGlossesCube,pl,http://purl.org/linked-data/cube#Observation
0,2021-02-20,2,0,557170,0,http://kaiko.getalp.org/dbnary/statistics/translationGlossesCube,pl,http://purl.org/linked-data/cube#Observation
0,2021-03-01,2,0,558350,0,http://kaiko.getalp.org/dbnary/statistics/translationGlossesCube,pl,http://purl.org/linked-data/cube#Observation
0,2021-03-20,2,0,560954,0,http://kaiko.getalp.org/dbnary/statistics/translationGlossesCube,pl,http://purl.org/linked-data/cube#Observation
0,2021-04-01,2,0,562142,0,http://kaiko.getalp.org/dbnary/statistics/translationGlossesCube,pl,http://purl.org/linked-data/cube#Observation
0,2021-04-20,2,0,564645,0,http://kaiko.getalp.org/dbnary/statistics/translationGlossesCube,pl,http://purl.org/linked-data/cube#Observation
0,2021-05-01,2,0,566075,0,http://kaiko.getalp.org/dbnary/statistics/translationGlossesCube,pl,http://purl.org/linked-data/cube#Observation
0,2021-05-20,2,0,568432,0,http://kaiko.getalp.org/dbnary/statistics/translationGlossesCube,pl,http://purl.org/linked-data/cube#Observation
0,2021-06-01,2,0,569586,0,http://kaiko.getalp.org/dbnary/statistics/translationGlossesCube,pl,http://purl.org/linked-data/cube#Observation
0,2020-07-01,66492,0,0,229402,http://kaiko.getalp.org/dbnary/statistics/translationGlossesCube,sv,http://purl.org/linked-data/cube#Observation
0,2020-07-20,66706,0,0,231078,http://kaiko.getalp.org/dbnary/statistics/translationGlossesCube,sv,http://purl.org/linked-data/cube#Observation
0,2020-08-01,66825,0,0,232048,http://kaiko.getalp.org/dbnary/statistics/translationGlossesCube,sv,http://purl.org/linked-data/cube#Observation
0,2020-08-20,67135,0,0,233633,http://kaiko.getalp.org/dbnary/statistics/translationGlossesCube,sv,http://purl.org/linked-data/cube#Observation
0,2020-09-01,67339,0,0,234794,http://kaiko.getalp.org/dbnary/statistics/translationGlossesCube,sv,http://purl.org/linked-data/cube#Observation
0,2020-09-20,67542,0,0,236120,http://kaiko.getalp.org/dbnary/statistics/translationGlossesCube,sv,http://purl.org/linked-data/cube#Observation
0,2020-10-01,67633,0,0,237223,http://kaiko.getalp.org/dbnary/statistics/translationGlossesCube,sv,http://purl.org/linked-data/cube#Observation
0,2020-10-20,67828,0,0,238525,http://kaiko.getalp.org/dbnary/statistics/translationGlossesCube,sv,http://purl.org/linked-data/cube#Observation
0,2020-11-01,68041,0,0,239740,http://kaiko.getalp.org/dbnary/statistics/translationGlossesCube,sv,http://purl.org/linked-data/cube#Observation
0,2020-11-20,68222,0,0,241273,http://kaiko.getalp.org/dbnary/statistics/translationGlossesCube,sv,http://purl.org/linked-data/cube#Observation
0,2020-12-01,68255,0,0,241811,http://kaiko.getalp.org/dbnary/statistics/translationGlossesCube,sv,http://purl.org/linked-data/cube#Observation
0,2020-12-20,68365,0,0,243005,http://kaiko.getalp.org/dbnary/statistics/translationGlossesCube,sv,http://purl.org/linked-data/cube#Observation
0,2021-06-01,69699,0,0,253907,http://kaiko.getalp.org/dbnary/statistics/translationGlossesCube,sv,http://purl.org/linked-data/cube#Observation
0,2020-11-01,103751,4,0,35147,http://kaiko.getalp.org/dbnary/statistics/translationGlossesCube,tr,http://purl.org/linked-data/cube#Observation
0,2020-11-20,103882,4,0,35448,http://kaiko.getalp.org/dbnary/statistics/translationGlossesCube,tr,http://purl.org/linked-data/cube#Observation
0,2020-12-01,103747,4,0,36102,http://kaiko.getalp.org/dbnary/statistics/translationGlossesCube,tr,http://purl.org/linked-data/cube#Observation
0,2020-12-20,103544,4,0,37289,http://kaiko.getalp.org/dbnary/statistics/translationGlossesCube,tr,http://purl.org/linked-data/cube#Observation
0,2021-01-01,103572,4,0,37918,http://kaiko.getalp.org/dbnary/statistics/translationGlossesCube,tr,http://purl.org/linked-data/cube#Observation
0,2021-01-20,103736,4,0,38686,http://kaiko.getalp.org/dbnary/statistics/translationGlossesCube,tr,http://purl.org/linked-data/cube#Observation
0,2021-02-01,103851,4,0,39200,http://kaiko.getalp.org/dbnary/statistics/translationGlossesCube,tr,http://purl.org/linked-data/cube#Observation
0,2021-02-20,104485,4,0,39890,http://kaiko.getalp.org/dbnary/statistics/translationGlossesCube,tr,http://purl.org/linked-data/cube#Observation
0,2021-03-01,104767,4,0,40070,http://kaiko.getalp.org/dbnary/statistics/translationGlossesCube,tr,http://purl.org/linked-data/cube#Observation
0,2021-03-20,104624,27,0,40542,http://kaiko.getalp.org/dbnary/statistics/translationGlossesCube,tr,http://purl.org/linked-data/cube#Observation
0,2021-04-01,104335,27,0,41021,http://kaiko.getalp.org/dbnary/statistics/translationGlossesCube,tr,http://purl.org/linked-data/cube#Observation
0,2021-04-20,103963,27,0,41934,http://kaiko.getalp.org/dbnary/statistics/translationGlossesCube,tr,http://purl.org/linked-data/cube#Observation
0,2021-05-01,104038,27,0,42292,http://kaiko.getalp.org/dbnary/statistics/translationGlossesCube,tr,http://purl.org/linked-data/cube#Observation
0,2021-05-20,104296,27,0,42424,http://kaiko.getalp.org/dbnary/statistics/translationGlossesCube,tr,http://purl.org/linked-data/cube#Observation
0,2020-07-01,606,0,0,0,http://kaiko.getalp.org/dbnary/statistics/translationGlossesCube,sh,http://purl.org/linked-data/cube#Observation
0,2020-07-20,606,0,0,0,http://kaiko.getalp.org/dbnary/statistics/translationGlossesCube,sh,http://purl.org/linked-data/cube#Observation
0,2020-08-01,606,0,0,0,http://kaiko.getalp.org/dbnary/statistics/translationGlossesCube,sh,http://purl.org/linked-data/cube#Observation
0,2020-08-20,606,0,0,0,http://kaiko.getalp.org/dbnary/statistics/translationGlossesCube,sh,http://purl.org/linked-data/cube#Observation
0,2020-09-01,606,0,0,0,http://kaiko.getalp.org/dbnary/statistics/translationGlossesCube,sh,http://purl.org/linked-data/cube#Observation
0,2020-09-20,606,0,0,0,http://kaiko.getalp.org/dbnary/statistics/translationGlossesCube,sh,http://purl.org/linked-data/cube#Observation
0,2020-10-01,606,0,0,0,http://kaiko.getalp.org/dbnary/statistics/translationGlossesCube,sh,http://purl.org/linked-data/cube#Observation
0,2020-10-20,606,0,0,0,http://kaiko.getalp.org/dbnary/statistics/translationGlossesCube,sh,http://purl.org/linked-data/cube#Observation
0,2020-11-01,606,0,0,0,http://kaiko.getalp.org/dbnary/statistics/translationGlossesCube,sh,http://purl.org/linked-data/cube#Observation
0,2020-11-20,606,0,0,0,http://kaiko.getalp.org/dbnary/statistics/translationGlossesCube,sh,http://purl.org/linked-data/cube#Observation
0,2020-12-01,606,0,0,0,http://kaiko.getalp.org/dbnary/statistics/translationGlossesCube,sh,http://purl.org/linked-data/cube#Observation
0,2020-12-20,606,0,0,0,http://kaiko.getalp.org/dbnary/statistics/translationGlossesCube,sh,http://purl.org/linked-data/cube#Observation
0,2021-01-01,606,0,0,0,http://kaiko.getalp.org/dbnary/statistics/translationGlossesCube,sh,http://purl.org/linked-data/cube#Observation
0,2021-01-20,606,0,0,0,http://kaiko.getalp.org/dbnary/statistics/translationGlossesCube,sh,http://purl.org/linked-data/cube#Observation
0,2021-02-01,606,0,0,0,http://kaiko.getalp.org/dbnary/statistics/translationGlossesCube,sh,http://purl.org/linked-data/cube#Observation
0,2021-02-20,606,0,0,0,http://kaiko.getalp.org/dbnary/statistics/translationGlossesCube,sh,http://purl.org/linked-data/cube#Observation
0,2021-03-01,606,0,0,0,http://kaiko.getalp.org/dbnary/statistics/translationGlossesCube,sh,http://purl.org/linked-data/cube#Observation
0,2021-03-20,606,0,0,0,http://kaiko.getalp.org/dbnary/statistics/translationGlossesCube,sh,http://purl.org/linked-data/cube#Observation
0,2021-04-01,606,0,0,0,http://kaiko.getalp.org/dbnary/statistics/translationGlossesCube,sh,http://purl.org/linked-data/cube#Observation
0,2021-04-20,606,0,0,0,http://kaiko.getalp.org/dbnary/statistics/translationGlossesCube,sh,http://purl.org/linked-data/cube#Observation
0,2021-05-01,606,0,0,0,http://kaiko.getalp.org/dbnary/statistics/translationGlossesCube,sh,http://purl.org/linked-data/cube#Observation
0,2021-05-20,606,0,0,0,http://kaiko.getalp.org/dbnary/statistics/translationGlossesCube,sh,http://purl.org/linked-data/cube#Observation
0,2021-06-01,606,0,0,0,http://kaiko.getalp.org/dbnary/statistics/translationGlossesCube,sh,http://purl.org/linked-data/cube#Observation
0,2021-01-01,68400,0,0,243538,http://kaiko.getalp.org/dbnary/statistics/translationGlossesCube,sv,http://purl.org/linked-data/cube#Observation
0,2021-01-20,68505,0,0,244638,http://kaiko.getalp.org/dbnary/statistics/translationGlossesCube,sv,http://purl.org/linked-data/cube#Observation
0,2021-02-01,68621,0,0,245122,http://kaiko.getalp.org/dbnary/statistics/translationGlossesCube,sv,http://purl.org/linked-data/cube#Observation
0,2021-02-20,68677,0,0,246151,http://kaiko.getalp.org/dbnary/statistics/translationGlossesCube,sv,http://purl.org/linked-data/cube#Observation
0,2021-03-01,68748,0,0,246767,http://kaiko.getalp.org/dbnary/statistics/translationGlossesCube,sv,http://purl.org/linked-data/cube#Observation
0,2021-03-20,68888,0,0,248152,http://kaiko.getalp.org/dbnary/statistics/translationGlossesCube,sv,http://purl.org/linked-data/cube#Observation
0,2021-04-01,68976,0,0,248696,http://kaiko.getalp.org/dbnary/statistics/translationGlossesCube,sv,http://purl.org/linked-data/cube#Observation
0,2021-04-20,69141,0,0,250264,http://kaiko.getalp.org/dbnary/statistics/translationGlossesCube,sv,http://purl.org/linked-data/cube#Observation
0,2021-05-01,69112,0,0,251065,http://kaiko.getalp.org/dbnary/statistics/translationGlossesCube,sv,http://purl.org/linked-data/cube#Observation
0,2021-05-20,69495,0,0,253020,http://kaiko.getalp.org/dbnary/statistics/translationGlossesCube,sv,http://purl.org/linked-data/cube#Observation
